arxiv_id,page,figure,text,label
2507.07121,9,1,"Figure 1: Circuit diagram for a unitary operator U applied to an initial state |Ïâ©. |Ïâ© U  Figure 1: Circuit diagram for a unitary operator U applied to an initial state |Ïâ©.  and  |11â©= |Î¦+â©â|Î¦ââ© â  2 . (19)  Thus, if the system is in one of the states |00â©or |11â©, each with probability 1  2 + 1  2 = 1  2, then the probability that a measurement ",1
2507.07121,10,1,"Figure 2: Circuit diagram for the CNOT gate acting on the state |Ïâ©|Ïâ©. Here the control qubit is |Ïâ©and the target qubit is |Ïâ©. |Ïâ©  |Ïâ©  Figure 2: Circuit diagram for the CNOT gate acting on the state |Ïâ©|Ïâ©. Here the control qubit is |Ïâ©and the target qubit is |Ïâ©.  so that the Pauli-Y operator can be thought of as being built from X and Z operators. In addition to the Pauli operators, a com",1
2507.07121,11,1,"Figure 3: Circuit diagram for the controlled U gate acting on the state |Ïâ©|Ïâ©. Here the control qubit is |Ïâ© and the target qubit is |Ïâ©. |Ïâ©  |Ïâ© U  Figure 3: Circuit diagram for the controlled U gate acting on the state |Ïâ©|Ïâ©. Here the control qubit is |Ïâ© and the target qubit is |Ïâ©.  |Ïâ©  |Ïâ©  Figure 4: Circuit diagram for the controlled-Z gate acting on the state |Ïâ©|Ïâ©.  Usually, we will want to ma",1
2507.07121,11,2,"Figure 4: Circuit diagram for the controlled-Z gate acting on the state |Ïâ©|Ïâ©. |Ïâ©  |Ïâ© U  Figure 3: Circuit diagram for the controlled U gate acting on the state |Ïâ©|Ïâ©. Here the control qubit is |Ïâ© and the target qubit is |Ïâ©.  |Ïâ©  |Ïâ©  Figure 4: Circuit diagram for the controlled-Z gate acting on the state |Ïâ©|Ïâ©.  Usually, we will want to make a measurement at the end of a circuit to gain some information about the problem we are attempting to solve. The notation for a measurement is a me",1
2507.07121,11,3,"Figure 5: Circuit diagram for the controlled U gate acting on the state |Ïâ©|Ïâ©which triggers on |0â©instead of |1â©. tate becomes 1 â  2(Î± |000â©+ Î± |011â©+ Î² |100â©+ Î² |111â©). Alice first applies a CNOT gate controlled off of the qubit she wants to send to Bob and targeting the entangled qubit, producing  1 â  2(Î± |000â©+ Î± |011â©+ Î² |110â©+ Î² |101â©). (36)  |Ïâ©  |Ïâ© U  Figure 5: Circuit diagram for the controlled U gate acting on the state |Ïâ©|Ïâ©which triggers on |0â©instead of |1â©.  11",1
2507.07121,12,1,Figure 6: Circuit diagram for the SWAP gate acting on the state |Ïâ©|Ïâ©. |Ïâ©  |Ïâ©  Figure 6: Circuit diagram for the SWAP gate acting on the state |Ïâ©|Ïâ©.  |Ïâ©  |Ïâ©  Figure 7: Circuit diagram for the SWAP gate acting on the state |Ïâ©|Ïâ©with a measurement at the end. Measurements are assumed to be in the Z basis unless otherwise specified. ,1
2507.07121,12,2,Figure 7: Circuit diagram for the SWAP gate acting on the state |Ïâ©|Ïâ©with a measurement at the end. Measurements are assumed to be in the Z basis unless otherwise specified. Here we measure the second qubit. |Ïâ©  |Ïâ©  Figure 6: Circuit diagram for the SWAP gate acting on the state |Ïâ©|Ïâ©.  |Ïâ©  |Ïâ©  Figure 7: Circuit diagram for the SWAP gate acting on the state |Ïâ©|Ïâ©with a measurement at the end. Measurements are assumed to be in the Z basis unless otherwise specified. Here we measure the second qubit.  She then applies a Hadamard gate to the qubit sh,1
2507.07121,12,3,"Figure 8: Quantum teleportation circuit. The first portion of the procedure prepares the Bell state by applying a Hadamard and a CNOT gate to the |00â©state. In the second portion of the circuit, Alice performs a CNOT followed by a Hadamard gate between the qubit she wants to send and her half of the entangled pair. She then measures each of her qubits in the Z basis. In the final portion of the circuit, Alice sends Bob two bits of information which he can then use to reconstruct the state |Ïâ©. hen to apply a Z gate if the second bit is a 1, and this is what the final piece of the circuit depicts. The double lines indicate a classical bit of information. To be abundantly clear, when Alice makes her measurements, she  |Ïâ© H  |0â© H  |0â© X Z  Figure 8: Quantum teleportation circuit. The first portion of the procedure prepares the Bell state by applying a Hadamard and a CNOT gate to the |00â©state. In the second portion of the circuit, Alice performs a CNOT followed by a Hadamard gate between the q",1
2507.07121,13,1,Figure 9: Quantum teleportation circuit with classically conditioned operations replaced by controlled op- erations inside circuit. |Ïâ© H  |0â© H  |0â© X Z  Figure 9: Quantum teleportation circuit with classically conditioned operations replaced by controlled op- erations inside circuit.  obtains one of the eigenvalues Â±1. She then records this information in the form of two bits by identifying the +1 measuremen,1
2507.07121,16,1,Figure 10: Circuit for the swap test to compute the fidelity between two states. |0â© H H  |Ïâ©  .  |Ïâ©  Figure 10: Circuit for the swap test to compute the fidelity between two states.  circuits were assumed to be without error when acting on our qubits and our measurements were assumed to be made perfectly. It will come at no surprise to the reader that the re,1
2507.07121,19,1,"Figure 11: Illustration of how error correcting code design can be framed as a problem of optimal sphere packing. All received messages within the blue sphere will be corrected to a zero and those within the red sphere will be corrected to a one. Since we are operating not in R3 but rather Z3 2, these spheres are actually the set of all codewords within Hamming distance one of the center (each set of connected black dots).",0
2507.07121,21,1,"Figure 12: Circuit diagram for sample encoding procedure with one additional qubit. |Ïâ©  |0â©  Figure 12: Circuit diagram for sample encoding procedure with one additional qubit.  3.4 The 2-Qubit Code  We begin our first practical dive into QEC with the 2-qubit detection code, which introduces redundancy into a quantum state via entanglement and then t",1
2507.07121,22,1,"Figure 13: Using CNOT gates to produce behaviour similar to the classical XOR operator. |mâ© |nâ© First CNOT Second CNOT Measurement  |mâ©  |nâ©  |0â©A  |0â© |0â© |0â© |0â© 0 |0â© |1â© |0â© |1â© 1 |1â© |0â© |1â© |1â© 1 |1â© |1â© |1â© |0â© 0  (a) Circuit diagram.  (b) âTruth tableâ showing measurement obtained for each com- putational basis state.  Figure 13: Using CNOT gates to produce behaviour similar to the classical XOR operator.  |Ïâ©L S Count Pobs Ptrue Analysis  0 0 0 3074 0.750 0.810 No transmission errors; syndrome of 0. 1 0 1 351 0.086 0.090 Bit flip error on first physical qubit, error detect",1
2507.07121,23,1,"Figure 14: The two-qubit error detection circuit used to detect, but not correct, a single Pauli X error when transmitting a quantum state |Ïâ©via an ancilla qubit |0â©A. Noise  12 cx psi [0], psi [1];  13  |0â©  14 // Simulate noise channel  15 h rand;  16 ry(theta) rand;  |0â©A  17 cx rand , psi;  18  (a) Circuit Diagram  19 // Extract error syndrome  20 cx psi [0], S;  21 cx psi [1], S;  (b) OpenQASM implementation  Figure 14: The two-qubit error detection circuit used to detect, but not correct, a single Pauli X error when transmitting a quantum state |Ïâ©via an ancilla qubit |0â©A.  Perhaps the most important metric of this code is the probability that the syndrome will ",1
2507.07121,25,1,"Figure 15: The three-qubit error correction code used to detect Pauli X errors when transmitting a quantum state |Ïâ©. psi [0];  9 cx psi [0], psi [1];  22 x S[1];  10 cx psi [0], psi [2];  23 ctrl (2) @ x S[0], S[1], psi [1];  11  24 x S[0];  12 // [Psi subject to noise]  25 x S[1];  13  26 ctrl (2) @ x S[0], S[1], psi [2];  27 x S[0];  (b) OpenQASM implementation  Figure 15: The three-qubit error correction code used to detect Pauli X errors when transmitting a quantum state |Ïâ©.  and so a measurement of the final two qubits will return the 00 outcome with certainty, and the state of the logical qubit will be undisturb",1
2507.07121,28,1,"Figure 16: The three-qubit error correction code used to detect phase flip errors when transmitting a quantum state |Ïâ©. ;  24 ctrl (2) @ z S[0], S[1], psi [0];  11 h psi;  25 x S[1];  12  26 ctrl (2) @ z S[0], S[1], psi [1];  13 // [Psi subject to noise]  27 x S[0]; x S[1];  14  28 ctrl (2) @ z S[0], S[1], psi [2];  29 x S[0];  30 h psi;  (b) OpenQASM implementation  Figure 16: The three-qubit error correction code used to detect phase flip errors when transmitting a quantum state |Ïâ©.  error code in Figure 15. This transforms the state |Ïâ©= Î± |0â©+ Î² |1â©into the state |Ïâ©L = Î± |000â©+ Î² |111â©. Next, we apply a Hadamard gat",1
2507.07121,32,1,Figure 17: The 9-qubit Shor code.   |0â©A X X  |Ïâ©A  |0â©A X X  |0â©A X X  |0â©A |0â©A  (a) Circuit diagram (first half).  Phase Flip Syndrome Extraction Phase Flip Error Correction  H H  H H  H H  H H  H H  |Ïâ©L  1  H H  H H  H H  H H  |Ïâ©A  X X  X X  (b) Circuit diagram (second half).  Figure 17: The 9-qubit Shor code.  32  1,1
2507.07121,33,1,"Figure 18: Procedure for distinguishing between |GHZâ©and |\\ GHZâ©. H  H  |GHZâ© or |\\ GHZâ©  H  |0â©  Figure 18: Procedure for distinguishing between |GHZâ©and |\\ GHZâ©.  and that  Hâ3 |\\ GHZâ©= 1  4  (|0â©+ |1â©)â3 â(|0â©â|1â©)â3 (130)  = 1  2(|111â©+ |001â©+ |010â©+ |100â©). (131)  Each component of the transformed GHZ state has an even number of 1âs, and each compo",1
2507.07121,41,1,"Figure 19: Syndrome extraction procedure for a stabilizer code. |Ïâ©L S  |0â©A H H  Figure 19: Syndrome extraction procedure for a stabilizer code.  4.3 The Stabilizer Code Formalism  The stabilizer code proceeds in three main steps: encoding, syndrome extraction, and decoding. We begin by creating redundancy by entangling the state |Ïâ©with ",1
2507.07121,42,1,"Figure 20: Syndrome extraction procedure for a stabilizer code concerned with two errors. |Ïâ©L S1 S2  |0â©A1 H H  |0â©A2 H H  Figure 20: Syndrome extraction procedure for a stabilizer code concerned with two errors.  and then we apply the procedure shown in Figure 20. Suppose that |Ïâ©L has been subject to an error E â{1, E1, E2}. After the Hadamard gates on the ancillary register, w",1
2507.07121,45,1,"Figure 21: Syndrome extraction procedure for a general stabilizer code. . . .  E |Ïâ©L S1 S2 Sâ  |0â©A1 H H  |0â©A2 H H  . . . ... . . .  |0â©Aâ H H  Figure 21: Syndrome extraction procedure for a general stabilizer code.  disturbing the state of the logical register (when S is a stabilizer and E is an error). Thus, if we want to continuously correct errors, we should apply the syndrome extraction procedur",1
2507.07121,49,1,Figure 22: The 5-qubit error correcting code.   Z  Z  X  |Ïâ©L  |0â©  H  Z  X  Z  Z  X  |0â©  Z Z  Z  X  Z  Z  |Ïâ©  H  H  |0â©  H  H  |0â©  |Ïâ©A  H  H  |0â©  H  H  |0â©  (a) Circuit diagram (first half).  Error Correction  Z Y  Z  Y  X  Y  Z  |Ïâ©L  Z  Y  Z  Y  |Ïâ©A  (b) Circuit diagram (second half).  Figure 22: The 5-qubit error correcting code.  1  49,1
2507.07121,60,1,Figure 24: Lattice diagram for topological code. Black circles represent qubits and the red square corresponds to the operator Zf. f  Figure 24: Lattice diagram for topological code. Black circles represent qubits and the red square corresponds to the operator Zf.  v  Figure 25: Lattice diagram for topological code. Black circles represent qubits and the blue cross corresponds to the operat,0
2507.07121,60,2,"Figure 25: Lattice diagram for topological code. Black circles represent qubits and the blue cross corresponds to the operator Xv. f  Figure 24: Lattice diagram for topological code. Black circles represent qubits and the red square corresponds to the operator Zf.  v  Figure 25: Lattice diagram for topological code. Black circles represent qubits and the blue cross corresponds to the operator Xv.  word can be thought of as a 0-chain, a Pauli-Z word can be thought of as a 2-chain, and every collection of qubits can be thoug",0
2507.07121,61,1,"Figure 26: Example of an error (green) which doesnât commute with a generator of the stabilizer (red). Figure 26: Example of an error (green) which doesnât commute with a generator of the stabilizer (red).  Xv, the 0 and 2-cells appeared to be treated differently, this co-boundary version of the X homomorphism reveals the nice dual structure at play. In fact, ",0
2507.07121,62,1,Figure 27: Example of an error (green) which commutes with a generator of the stabilizer in the lattice (red) but not a generator of the stabilizer in the dual lattice (blue). Figure 27: Example of an error (green) which commutes with a generator of the stabilizer in the lattice (red) but not a generator of the stabilizer in the dual lattice (blue).  Figure 28: Example of a cycle (green) intersecting with a stabilizer generator (re,0
2507.07121,62,2,"Figure 28: Example of a cycle (green) intersecting with a stabilizer generator (red). Figure 27: Example of an error (green) which commutes with a generator of the stabilizer in the lattice (red) but not a generator of the stabilizer in the dual lattice (blue).  Figure 28: Example of a cycle (green) intersecting with a stabilizer generator (red).  boundary, i.e. an element of the kernel of â1. Observe that a cycle which enters into a square representing a generator of the stabilizer must also exit the square (otherwi",0
2507.07121,64,1,"Figure 29: Four examples of cycles that make use of the periodic boundary conditions of the torus. Figure 29: Four examples of cycles that make use of the periodic boundary conditions of the torus.  but instead of writing out every element of S, let us give a simpler approach. First start with a state |Ïâ©that is invariant under the action of every Pauli-Z ",0
2507.07121,66,1,Figure 30: Example lattice for the planar code. Figure 30: Example lattice for the planar code.  Figure 31: Dual lattice (gold) on top of lattice for the planar code.  66,0
2507.07121,66,2,Figure 31: Dual lattice (gold) on top of lattice for the planar code. Figure 30: Example lattice for the planar code.  Figure 31: Dual lattice (gold) on top of lattice for the planar code.  66,0
2411.16354,4,1,"FIG. 2. Eï¬ectiveness, eï¬ciency and scalability. These are the detailed versions of Fig. 1(i). (a) The average crosstalk errors using diï¬erent methods on SQECs with var- ious structures and scales. (b) The real-world running times of diï¬erent algorithms. All the tests are performed using the same CPU and the same evaluator. Only the GNNs-based designer and the Snake algorithm are available for the large- scale graphs. methods, be- cause conducting real experiments would require signif- icant time and resources [28], and numerical simulation for large-scale SQECs is also challenging. All four meth- ods employ the same trained evaluator on the same i9- 14900KF CPU. Fig. 2(a) demonstrates that the well- trained GNNs-based designer achieves lower crosstalk er- rors than all other methods for all the graph scales. Addi- tionally, the GNNs-based designer is exponentially faster than all other methods for all given tasks,",0
2503.15452,7,1,"Figure 1: Toffoli decomposition obtained in about 6 days by our method, with g = 15, d = 15. 10 min (but the formulation is particularly long). A first example of a typical problem to address with such a tool is the decomposition of the Toffoli gate on a Clifford+T gate set. With the method of this paper, we obtained the result presented on Figure 1 (see also it on quirk). It has a lot in common but is slightly different from the standard decomposition [29, Fig. 4.9]. Here we considered the gate set {Hj, Tj, T â  j , 0 â¤j < 3} âª{CNOTj,jâ², 0 â¤j, jâ² < 3, j Ì¸= jâ²}, that is of cardinal 15. It took a",1
2503.15452,7,2,"Figure 2: AND gate decomposition obtained from our solver. It is identical from the original proposition of AND gate [30, Fig. 4], up to the permutation of the two controls. ned in about 6 days by our method, with g = 15, d = 15.  Another example is the AND gate (Toffoli targeting a qubit prepared in |0â©). The translation to SAT problem requires one of the extensions presented in the next section. The result is shown in Figure 2 (also accessible on quirk). In this example, the gate set was larger, with 33 possible gates: {Xj, Yj, Zj, Hj, Sj, Sâ  j, Tj, T â  j , 0 â¤j < 3} âª{CNOTj,jâ², 0 â¤ j, jâ² < 3, j Ì¸= jâ²} âª{CZj,jâ², 0 â¤j < jâ² < 3}. The number of gates in the smallest solution",1
2503.15452,9,1,"Figure 3: Toffoli gate, with an ancilla and post-selection on |0â©, as found by our solver. It corresponds to the implementation of the Toffoli gate through a AND gate, a CNOT and measurement-based uncomputing, for which an additionnal classically-controlled CZ on the two first qubits is required to handle the measurement outcome 1. |0â© H T T â  T T â  H Sâ1 H â¨0|  Figure 3: Toffoli gate, with an ancilla and post-selection on |0â©, as found by our solver. It corresponds to the implementation of the Toffoli gate through a AND gate, a CNOT and measurement-based uncomputing, for which an additionnal classically-controlled ",1
2506.09555,5,1,"Figure 1: Schematic of DI randomness certification protocol. An entropy source Z is used to sequentially challenge n times a quantum device, composed of non-communicating sub-units, which for each challenge zi return an answer ci. The data (c, z) is evaluated by a pre-defined linear entropy witness W. If an entropy larger than a (pre-defined) threshold t is witnessed, the protocol produces a certified entropy source with at least t âk bits. The constant k is typically a small number that depends on the witness design and on a chosen security parameter Îµ (see for instance (9)). Abort  No  Entropy  z c  Challenge device  W(c, z) â¥t?  source  n times  Certified entropy  Yes  source with  Accept  bits â¥t âk  Figure 1: Schematic of DI randomness certification protocol. An entropy source Z is used to sequentially challenge n times a quantum device, composed of non-communicating sub-units, which for each challenge zi return an answer ci. The data (c, z) is evaluate",0
2506.09555,16,1,Figure 3: Extractable entropy rates from noisy CHSH correlations for different levels of white noise. Solid lines are obtained through the PE technique using different sets of allowed conditional behaviours: (orange) PQ from 10 iterations of NearV (Algorithm 1 with m = 10); (blue) PQ from 10 iterations of MaxGP (Algorithm 2); (green) PQ = NS; and (red) PQ = NS â©CHSH â¤2 â able entropy per round  Extractable entropy per round  0.1  0.2  0.02  0.0  0.0  0.00  103 104 105 106 107 108  103 104 105 106 107 108  103 104 105 106 107 108  Number of rounds  Number of rounds  Number of rounds  (a) w=0.5%  (b) w=15%  (c) w=25%  Figure 3: Extractable entropy rates from noisy CHSH correlations for different levels of white noise. Solid lines are obtained through the PE technique using different sets of allowed conditional behaviours: (orange) PQ from 10 iterations of NearV (Algorithm,0
2506.09555,17,1,Figure 4: Extractable entropy rates from noisy asymmetric CHSH correlations (Î± = 8) for different levels of white noise. Solid lines are obtained through the PE technique using sets of allowed conditional behaviours: (orange) PQ from 10 iterations of NearV (Algorithm 1 with m = 10); (blue) PQ from 10 iterations of MaxPG (Algorithm 2); (red) - PQ = NS â©CHSH â¤2 â  Extractable entropy per round  Extractable entropy per round  0.1  0.2  0.0  0.0  0.00  104 105 106 107 108 109  104 105 106 107 108 109  104 105 106 107 108 109  Number of rounds  Number of rounds  Number of rounds  (a) w=0.1%  (b) w=1%  (c) w=7%  Figure 4: Extractable entropy rates from noisy asymmetric CHSH correlations (Î± = 8) for different levels of white noise. Solid lines are obtained through the PE technique using sets of allowed conditional behaviours: (orange) PQ from 10 iterations of NearV (,0
2506.09555,21,1,Figure 6: Randomness amplification of a SV-source. Extractable entropy rates from noisy Hardy correlations (43) for different number of rounds: (a) 0.1% white noise with SV parameter Î´ = 0.1 and Î´ = 0.3; and (b) 5% white noise with SV parameter Î´ = 0.1 and Î´ = 0.15. Lines corresponding to lower bounds computed with the PEF approach using PQ obtained through: (orange) 3 iterations of NearV (Algorithm 1 with m = 15); (blue) 3 iterations of MaxGP (Algorithm 2); (green) PQ = NS; (red) PQ = NS â©CHSH â¤2 â 8  10 2  0.10  0.02  10 4  Extractable entropy per round  Extractable entropy per round  0.05  10 6  104 108  104 106 108 0.00  104 106 108  104 106 108 0.00  105 107 109  Number of rounds  Number of rounds  (a) 0.1% white noise  (b) 5% white noise  Figure 6: Randomness amplification of a SV-source. Extractable entropy rates from noisy Hardy correlations (43) for different number of rounds: (a) 0.1% white noise with SV parameter Î´ = 0.1 and Î´ = 0.3; and (b) 5% white noise with SV parameter Î´ = 0.1 and Î´,0
2502.10253,1,1,"FIG. 1. Sketch of digital and analog protocols. Both protocols leverage an entangled resource state to transfer obliviously a state from Alice to Bob. In the analog pro- tocol, we exploit the quantum description of the communica- tion channel G to implement an optimal encoding/decoding scheme, which replaces the measure/feedforward operations of the digital protocol. ented  âuesli.alushi@aalto.fi â  simone.felicetti@cnr.it â¡ rob.dicandia@gmail.com  via a quantum-limited two-mode squeezer. The encoded output is then transmitted directly to Bob, who applies a decoding operation to retrieve the teleported state, see Fig. 1. In the limit of infinite squeezing, the performance of the analog protocol becomes equivalent to that of the digital protocol. When there is no pre-shared entangle- ment, the analog protocol represents direct state transfer enhanced by local encodi",0
2502.10253,3,1,"FIG. 2. Analog teleportation scheme. Alice wants to transfer an unknown state ÏT to Bob using as a resource the pre-shared entangled state ÏAB. Alice applies a two-mode squeezing operation to her part of the entangled state and ÏT. She transmits one of the resulting modes to Bob through the communication channel G. Finally, Bob performs a decoding operation using his part of the entangled state, obtaining Ïout, which is a ânoisyâ version of the state ÏT. 3  Alice  Bob TMS  Entanglement  generation  Beam splitter with  transmissivity  Communication channel  Two-mode squeezing TMS  FIG. 2. Analog teleportation scheme. Alice wants to transfer an unknown state ÏT to Bob using as a resource the pre-shared entangled state ÏAB. Alice applies a two-mode squeezing operation to her part of the entangled state and ÏT. She transmits one of the",0
2510.10835,7,1,"FIG. 4: Coupling constants K2 and K4 in the random AT model Hamiltonian in Eq. (17), whose relations with Ë p are given in the Appendix Eq.(A3). Coupling of RBIM, J = 1 d AT model in Eq. (17), with disorders sampled from the dis- tribution shown in Eq. (14). Unlike the conventional AT model, where K2 and K4 are independent parameters, our model depends on a single parameter p: K2 and K4 are both functions of p (see Fig. 4). At each p, we first sample disorder configurations on all bonds {st l, sc l } fol- lowing Eq. (14). We then to equilibrate and sample the spin fields Ï, Ï with Hamiltonian described in Eq. (17) given quenched disorders {st l, sc l }. To ensure the",0
2510.10835,7,2,"FIG. 3: Stat-mech mapping of two toric code blocks undergoing a tCNOT gate, where the probability distribution of Ec and Et are correlated due to the tCNOT gate. Here the physical qubits are denoted by gray circles living on the lattice makred by solid lines. Bit-flip errors Ec/t and Ec/t Â· Cc/t of the physical qubits in the control/target code blocks are marked by gray circles with colored fillings. Syndromes triggered by Ec/t are marked by dots at the center of shaded plaquettes which host Z stabilizers. Trivial cycles Cc/t 7  {ð} {ð}  FIG. 4: Coupling constants K2 and K4 in the random AT model Hamiltonian in Eq. (17), whose relations with Ë p are given in the Appendix Eq.(A3). Coupling of RBIM, J = 1  2 ln 1â2Ë p(1âË p)  2Ë p(1âË p) , is shown as a reference.  FIG. 3: Stat-mech mapping of two toric code blocks undergoing a tCNOT gate, where the probability distribution of Ec and Et are correlated due to the tCNOT gate. Here the physical qubits are denoted by gray circles living on the lattice makred by solid lin",0
2510.10835,8,2,"FIG. 5: Magnetization of (a) Ï and (b) Ï (|MÏ| and |MÏ|) versus persistent noise strength Ë p for system sizes L = 8, 12, 16. upper bounds on de- coding thresholds for control (Ï) and target (Ï) code blocks in the large code distance limit. Compared to threshold of quantum memory, pth = 0.109,the thresh- olds of the control and the target blocks are lowered by 0.109â0.099  FIG. 5: Magnetization of (a) Ï and (b) Ï (|MÏ| and |MÏ|) versus persistent noise strength Ë p for system sizes L = 8, 12, 16.  0.109 = 9.2% and 0.109â0.080  Figure 4  (a)  0.109 = 26.6%, respectively. These results confirm our theoretical expectation at th",0
2510.10835,8,3,"Figure 4 th = 0.109,the thresh- olds of the control and the target blocks are lowered by 0.109â0.099  FIG. 5: Magnetization of (a) Ï and (b) Ï (|MÏ| and |MÏ|) versus persistent noise strength Ë p for system sizes L = 8, 12, 16.  0.109 = 9.2% and 0.109â0.080  Figure 4  (a)  0.109 = 26.6%, respectively. These results confirm our theoretical expectation at the end of Sec. III C regarding the hierarchy of the reduced thresholds. At the same time, our results establish that tCNOT gates do not lower the thresholds to ",0
2510.10835,8,4,"FIG. 6: Finite size collapse of magnetization for (a) Ï and (b) Ï according to scaling formula Eq. 19. The collapse is obtained from the following choice of parameters: Î² = 0.252, Î½ = 1.8, Ë pt c = 0.042, and Ë pc c = 0.052. itical er- ror rate p in the thermodynamic limit (infinite code dis- tance). As shown in Fig 6, we observe that the rescaled magne- tization data achieve a remarkable collapse to universal functional forms around Ë pc c = 0.052 (or pc c = 0.099, see Fig. 6(a)) and Ë pt c = 0.042 (or pt c = 0.080, see Fig. 6(b)). These are compelling evidence of universal behavior in the vicinity of these critical points. Therefore, these crit- ical points can be interpreted as upper bounds on de- coding thresholds for",0
2510.10835,9,1,"FIG. 9: (a) The modified 5-body interaction term in the Hamiltonian in Eq. (22) for the {Ï} spins due to the tCNOT gate at t = T.(b) Closed surfaces S in the high temperature expansion of the terms involving the {Ï} spins in the partition function Z3D(Ec, Et). On the intersection between S and the t = T plane, the coupled terms between {Ï} and {Ï} spins in Eq. (22) gives rise to a Wilson loop of {Ï} spins, marked by the blue loop.  that exchanges Ï âÏÏ. Re- defining Ï to be ÏÏ at t > T in the partition function further decouples the two flavors of spins there. As a result, they are only coupled via the following set of 5- body interaction terms between t = T and t = T +1 (see Fig. 9(a)):  2)Ïl(T)Ïl(T)Ïl(T + 1)Ïl1(T + 1  2)Ïl2(T + 1  2).  l st l(T + 1  âJ X  To model syndrome errors, we assume that each stabi- lizer measurement has a probability q of being incorrect. In addition, we assume that physical bit-flip errors occur wit",0
2510.10835,9,2,"FIG. 7: Logical error rate of a surface under same noise model using then most likely error decoder. The crossing point of curves for different system sizes indicates a decoding threshold. The gray lines represent the phase transition point predicted by Monte Carlo simulation of the random AT model. (21)  the resulting logical error rates (LERs). Although the MLE decoder is not scalable and thus not favorable in practical QEC, it serves as a valuable tool for validating our theoretical predictions and identifying performance bounds. As shown in Fig. 7, the LERs of the control and target code with different code distances each cross at one particular error rate, which is the observed de- coding threshold. The crossings of LER for both control and target codes match the critical points obtained fro",0
2510.10835,9,3,"FIG. 8: A toric code logical circuit with tCNOT gate, repeated noisy SE (marked by shaded boxes) and bit-flip noise channel Np. ding threshold. The gray lines represent the phase transition point predicted by Monte Carlo simulation of the random AT model.  ð© ð  ð© ð  ð© ð  |  â©  S E  S E  S E  S E  â¦  ð© ð  ð© ð  ð© ð  |  â©  S E  S E  S E  S E  extraction and the tCNOT gate), see Fig. 8. This error model singles out the propagation of syndrome error by the tCNOT gates. We now construct the stat-mech model for repeated syndrome error extractions around the tCNOT gate. Us- ing the expression of the detectors in Eqs. (9) and (10), the",1
2510.10835,11,1,"FIG. 10: (a) A noisy transversal Clifford logical circuit between two code blocks A and B consisting of two tCNOT gates and a (fold-)transversal S gate. Ever pair of transversal gates are separated by ât rounds of syndrome error extractions and generic physical error channels N. (b) Sketch of the impact of transversal gates on the stat-mech model that is mapped from the circuit in (a). The X/Z spacetime detectors of the two code blocks A and B, denoted by {dA/B X/Z}, give rise to 4 different set of classical spins in total, which are coupled at the plane defects induced by the logical operations. The propagation of Pauli errors by the transversal gates are marked by red arrows. The impact region |t âT| < Î» due to increased effective local temperature are marked by darker colors for each plot. 11  (a)  ð©  ð©  ð©  Ò§ð´  Ò§ð ð©  S E  S E  S E  S E  ð©  ð©  ð©  ð©  à´¤ ðµ  S E  S E  S E  S E  Ã Îð¡ Ã Îð¡ Ã Îð¡ Ã Îð¡  tion inside a time window |t âT| â¤Î», where Î» â¼O(1), as shown pictorially in Fig. 10(b). For a given circuit, one should be able to simulate the corresponding models based on the mappings that we have provided in this pa- per. Therefore, our estimation of error threshold can be readily generalized to estimate the threshold of the en",0
2403.1847,3,1,"Figure 1. (a) A Sketch of the non-Hermitian SSH model. (b) The energy spectrum of the system under the OBC (black dots) and the PBC (gray dots), respectively. (c) Distribution of eigenstates |Ïn|2 = |Ïn,A|2 + |Ïn,B|2 under the OBC. Here n denotes the index of unit cells. The zero modes are marked in red. (d) The energy spectrum of an open chain with varied t1. Parameters are L = 40, t2 = 1, Î³ = 2/3, and t1 = 1 in (a)-(c). Reprinted with permission from [74], Copyright (Year) by the American Physical Society. eralized bulk-boundary correspondence in periodically driven non-Hermitian systems 3  (a)  2. Non-Bloch band theory  A A A B B B  2.1. Non-Hermitian skin effect  (b)  (c) 1  0.5  0.5  0  -0.5  0  0 20 40  -2 0 2  4 (d)  3  2  1  0  -3 -2 -1 0 1 2 3  Figure 1. (a) A Sketch of the non-Hermitian SSH model. (b) The energy spectrum of the system under the OBC (black dots) and the PBC (gray dots), respectively. (c) Distribution of eigenstates |Ïn|2 = |Ïn,A|2 + |Ïn,B|2 under the OBC. Here n denotes the index o",0
2403.1847,5,1,"Figure 2. The case of t3 Ì¸= 0. (a) Energy spectra with varied t1 of an open chain and the corresponding NBWNs. The transition points correspond to t1 âÂ±1.56. (b) The GBZ (CÎ²) of t1 = 1.1. Parameters are t2 = 1, Î³ = 2/3, t3 = 1/5. Reprinted with permission from [74], Copyright (Year) by the American Physical Society. ese two wave functions:  Ïn,A Ïn,B   = Î²n 1  which should satisfy the boundary conditions  -1.0  (t1 + Î³)Ï1,B âEÏ1,A = 0,  (t1 âÎ³)ÏL,A âEÏL,B = 0. (13)  In connection with equation (11), the condition for the system to have a non-zero solution is  Figure 2. The case of t3 Ì¸= 0. (a) Energy spectra with varied t1 of an open chain and the corresponding NBWNs. The transition points correspond to t1 âÂ±1.56. (b) The GBZ (CÎ²) of t1 = 1.1. Parameters are t2 = 1, Î³ = 2/3, t3 = 1/5. Reprinted with permission fr",0
2403.1847,6,1,"Figure 3. (a) The modulus of energy spectrum for a open chain(L=80) varies with t1. Other parameters are t2 = 1, t3 = 0.2, Î³ = 0.1. (b) The red solid dots depict the open- bulk winding number computed in real space with the length of an open chain L = 100. The boundary is cutted at l = 15. The black hollow dots denote the NBWNs based on the GBZ. Reprinted with permission from [180], Copyright (Year) by the American Physical Society. (Î²)| â|Ë uR(Î²)â©â¨Ë uL(Î²)|, (23)  t1  with Q2(Î²) = 1. Q(Î²) is a off-diagonal matrix, which  can be represented as Q =  q qâ1   , due to the chiral  symmetry ÏzQÏz = âQ. Then, the NBWNs can be precisely defined as:  W = 1  4Ïi  CÎ² Tr [ÏzQ(Î²)dQ(Î²)] ,  Figure 3. (a) The modulus of energy spectrum for a open chain(L=80) varies with t1. Other parameters are t2 = 1, t3 = 0.2, Î³ = 0.1. (b) The red solid dots depict the open- bulk winding number computed in real space with the length of an open chain L = 100. T",0
2403.1847,8,1,"Figure 4. The sketch of a harmonically driven non-Hermitian SSH model. ralized bulk-boundary correspondence in periodically driven non-Hermitian systems 8  straightforward orthogonality relation. Therefore, in frequency domain, the SchrÂ¨ odinger equation yields:  A A B B  mâ² Hmâmâ²|Ï(mâ²) n â©. (34)  (Ïµ + mÏ)|Ï(m) n â©= X  Figure 4. The sketch of a harmonically driven non-Hermitian SSH model.  Ïµmin + Ï. Consequently, the Floquet Hamiltonianâs spectrum will exhibit a periodic structure, comprising an infinite number of copies of the systemâs Floquet spectrum within the Floquet-",0
2403.1847,10,1,"Figure 5. Energy spectra and the profile of eigenstates for the non-Hermitian SSH model with harmonic driving. (a)â(d): The quasienergy spectra of the four distinct topological phases are shown under two different boundary conditions: PBC in black and OBC in red. (e)â(h) The density distributions of the bulk states (black solided), zero modes (red solided), and Ï modes (blue dotted) of the four distinct phases in (a)â(d), respectively. n represents the unit cellâs index. Parameters are t2 = 1, Î³=0.2, Î» = 0.5 Ï = 3, (a)(e) t1 = 0.3, (b)(f) t1 = 0.75, (c)(f) t1 = 1.3, and (d)(h) t1 = â0.75. Reprinted with permission from [148], Copyright (Year) by the American Physical Society.   -0.15  -0.2  -0.2  -0.2  -1.5 0 1.5 Re("")  -1.5 0 1.5 Re("")  -1.5 0 1.5 Re("")  -1.5 0 1.5 Re("")  1  1  1  1  (e)  (f)  (g)  (h) bulk zero mode : mode  |A|  |A|  |A|  |A|  0.5  0.5  0.5  0.5  0  0  0  0  0 30 60  0 30 60  0 30 60  0 30 60  u u u u  Figure 5. Energy spectra and the profile of eigenstates for the non-Hermitian SSH model with harmonic driving. (a)â(d): The quasienergy spectra of the four distinct topological phases are shown under two different boundary conditions: PBC in black and OBC in",0
2403.1847,10,2,"Figure 6. The GBZ of the four different topological phases in figures 5(a)â(d) [148], obtained by the non-Bloch effective Hamiltonian (dotted curves) and non-Bloch Floquet Hamiltonian (solid curvess), respectively. The BZ is denoted by a dashed unit circle. ",0
2403.1847,11,1,"Figure 7. The NBWNs W0/Ï with varied GBZ size NÎ² for t1 = â0.75(solid lines) and t1 = 1.3(dotted lines) [148]. W0 and WÏ are marked with red and blue, respectively. w  0.0  = i  T lnâÏµ [ÏzU(Î², T)Ïz] ,  = i  -0.5  T lnâÏµ U â1(Î², T),  = i  T  -1.0  X  n lnâÏµ  Î»â1 n  |Ïn,R(Î²)â©â¨Ïn,L(Î²)|,  10 20 30 40 50 60 70 80  T  = âi  n [lnâÏµ(Î»n) + 2Ïi] |Ïn,R(Î²)â©â¨Ïn,L(Î²)|,  N  X  T  = âi  n lnâÏµ(Î»n)|Ïn,R(Î²)â©â¨Ïn,L(Î²)| + Ï,  X  Figure 7. The NBWNs W0/Ï with varied GBZ size NÎ² for t1 = â0.75(solid lines) and t1 = 1.3(dotted lines) [148]. W0 and WÏ are marked with red and blue, respectively.  = âHâÏµ eff (Î²) + Ï. (51)  During each period, the effective Hamiltonians solely reflect the ",0
2403.1847,11,2,"Figure 8. (a)â(d) The Râ² +(Î²) and Râ² â(Î²) loops along the GBZs of figures 6(a)â(d) on the complex plane, respectively. Reprinted with permission from [148], Copyright (Year) by the American Physical Society. ve the symmetry:  ÏzUÏµ(Î², t)Ïz,  =ÏzU(Î², t)Ï2 zeitHÏµ eff(Î²)Ïz,  =U(Î², ât)eitÏzHÏµ eff(Î²)Ïz,  =U(Î², ât)eâitHâÏµ eff (Î²)+iÏt,  =UâÏµ(Î², ât)eiÏt. (53)  Then, the NBPEOs exhibit chiral symmetry during a half-period, with quasienergies Ïµ = 0 and Ï:  ÏzU0/Ï  Figure 8. (a)â(d) The Râ² +(Î²) and Râ² â(Î²) loops along the GBZs of figures 6(a)â(d) on the complex plane, respectively. Reprinted with permission from [148], Copyright (Year) by the American Physical Society.  2  2   Î², T   Ïz = âU0/Ï   Î², T   . (54)  Due",0
2403.1847,13,1,"Figure 9. (a) Quasienergy spectrum as functions of t1 for the harmonically driven non-Hermitian SSH model under the OBC. (b)The corresponding NBWNs for edge states with quasienergies Ïµ = 0 (red dashed line) and Ïµ = Ï (blue dashed line). Reprinted with permission from [148], Copyright (Year) by the American Physical Society. Generalized bulk-boundary correspondence in periodically driven non-Hermitian systems 13  (1,1)  2  T  (0,1)  (0,0)  1  (1,0)  (0,0)  0  0 1 2 3  t  1  Figure 9. (a) Quasienergy spectrum as functions of t1 for the harmonically driven non-Hermitian SSH model under the OBC. (b)The corresponding NBWNs for edge states with quasienergies Ïµ = 0 (red dashed line) and Ïµ = Ï (blue dashed line). Reprinted with permis",0
2403.1847,13,2,"Figure 10. The phase diagram of the Floquet non- Hermitian SSH model in equation (42). The dashed curves are calculated by the non-Bloch band theory. The solid curves are numerical results of the Floquet Hamiltonian under OBC. Other parameters are t2 = 1, Î³ = 0.2 and Î» = 0.5. The non- Bloch topological invariants cannot be well defined with gapless quasienergies, which are denoted by the shaded region in the diagram. There exist four different topological phases in the diagram, denoted by the different NBWNs (W0/Ï). Reprinted with permission from [148], Copyright (Year) by the American Physical Society. ",0
2403.1847,14,1,"Figure 11. The quasienergies on GBZs of the gapless phases. Parameters are Ï = 3, Î» = 0.5, Î³ = 0.2, t2 = 1, with (a) t1 = 2.02 and (b) t1 = 2.2. Reprinted with permission from [148], Copyright (Year) by the American Physical Society. ude. J1 and J2 denote the strengths of intercell hopping. The Hermiticity of the system is broken by nonreciprocal hoppings with nonzero Î». T = 2 is taken for simplicity. Then, the Floquet operator for the system of equation (71) can be written as:  Figure 11. The quasienergies on GBZs of the gapless phases. Parameters are Ï = 3, Î» = 0.5, Î³ = 0.2, t2 = 1, with (a) t1 = 2.02 and (b) t1 = 2.2. Reprinted with permission from [148], Copyright (Year) by the American Physical Society.  U(k) = exp(âihyÏy) exp(â",0
2403.1847,14,2,"Figure 12. A sketch of the periodically quenched non- Hermitian SSH model. The value of intracell hopping amplitude is denoted by Âµ. During the two distinct halves of the driving period, the intercell hopping amplitudes are denoted as (J1 Â± Î»)/2 and Â±(Î» Â± J2)/2, respectively. The lightning arrows represent quenches that are implemented during the middle and end of each driving phase. Subsequently, the lattice transitions from one array. Reprinted with permission from [149], Copyright (Year) by the American Physical Society. ",0
2403.1847,15,1,"Figure 13. Profile of eigenstates of bulk [(a)(c)]and edge[(b)(d)] for the periodically quenched non-Hermitian SSH model in equation (71). n is the index of the unit cell. The number of unit cells is 200. Parameters are J2 = 0.5Ï, Âµ = 0.4Ï, Î» = 0.25 and J1 = Ï for (a)(b), J1 = 2Ï for (c)(d). Reprinted with permission from [149], Copyright (Year) by the American Physical Society. n|eâi(Â±En), respectively, where Â±En are the eigenenergies. Then, the Q matrix can be defined as: QÎ± = X  With a well-defined QÎ±, the open-bulk winding numbers for periodically driven systems [149] can be defined as  WÎ± = 1  LB TrB(CQÎ±[QÎ±, N]). (79)  Figure 13. Profile of eigenstates of bulk [(a)(c)]and edge[(b)(d)] for the periodically quenched non-Hermitian SSH model in equation (71). n is the index of the unit cell. The number of unit cells is 200. Parameters are J2 = 0.5Ï, Âµ = 0.4Ï, Î» = 0.25 and J1 = ",0
2403.1847,16,1,"Figure 14. The gap functions â0 (gray/blue solid curves) and âÏ (red/green dotted curves) versus J1 for the model in equation 71 under OBC/PBC. The open-bulk winding numbers W0 and WÏ are labled by circles and crosses curves. The PBC winding numbers w0 and wÏ are labeled by diamonds and pentagrams curves. For clarity, only the twenty smallest gap functions (â0, âÏ) are shown. The numbers of the topological zero modes and Ï modes are denoted by (n0, nÏ). Other parameters are Âµ = 0.4Ï, J2 = 0.5Ï and Î» = 0.25. Reprinted with permission from [149], Copyright (Year) by the American Physical Society. Generalized bulk-boundary correspondence in periodically driven non-Hermitian systems 16  W W  Figure 14. The gap functions â0 (gray/blue solid curves) and âÏ (red/green dotted curves) versus J1 for the model in equation 71 under OBC/PBC. The open-bulk winding numbers W0 and WÏ are labled by circles and crosses curves. The PBC winding numbers w0 and wÏ",0
2501.05327,3,1,"Figure 1: Protocol steps for Randomized Oblivious Transfer (ROT) mited tuples.  Computes Is and p, and checks mod Is > Ncheck and p < pmax  3. String Preparation phase  Constructs I0 and I1  Sends Î¸A Â¯ It  Samples random bit c, sends (Ic, IÂ¯ c)  4. Post Processing Phase  Computes (m0, m1) from xA Outputs (mc, c)  Figure 1: Protocol steps for Randomized Oblivious Transfer (ROT)  each i âI = {1, . . . , N0} performs a measurement in the basis Î¸B i on his qubit of |Î¦+â©i to obtain the outcome string xB.  2. Commit/Open phase: For each i âI, Bob samples a random string ri",0
2501.05327,5,1,"Figure 2: Full implementation of a secure multiparty computation application for biometric data matching, supported by a quantum OT protocol based on entanglement distribution and secret sharing. The system enables two distant entities to securely compare biometric inputs with distributed databases while preserving the privacy of both the input data and the contents of each database. ication  Bit commitment Basis sifting Frame sync Authentication Quantum oblivious transfer  PBS  PBS  Parameter estimation  Parameter estimation  50:50  50:50  PBS  PBS  Privacy amplification Error correction  Privacy amplification Error correction  Figure 2: Full implementation of a secure multiparty computation application for biometric data matching, supported by a quantum OT protocol based on entanglement distribution and secret sharing. The system enables two distant entities to securely compare bi",0
2501.05327,6,1,"Figure 3: The post-processing pipeline running at both parties. qotClient  cat  file  resize  mux auth-in bit-commit sifting cascade privacy- auth-out delivery  amplification  OT lane  confirmation parameter- estimation  auth-in sifting cascade privacy- amplification auth-out  QKD lane  Figure 3: The post-processing pipeline running at both parties.  ot-sifting module (purple connection), which serves as the central hub for key requests. The mux module then directs the keys either to the OT-lane or the QKD-lane, depending on the specific re",0
2501.05327,9,1,Figure 4: QBER and coincidence rate per second of the entangled photon source as a function of optical loss (dB). Blue shadow (p â¤pmax) represents the area where OT keys can be generated. The error bars were calculated according with QBER boundaries defined in [27]. 6  104  4  QBER (%)  Coincidences/s  2  103  0  0 2 4 6 8 10 12 14 Loss (dB)  QBER Data Coincidences  Figure 4: QBER and coincidence rate per second of the entangled photon source as a function of optical loss (dB). Blue shadow (p â¤pmax) represents the area where OT keys can be generated. The error bars were calculated according with QBER boundaries defined ,0
2501.05327,10,1,"Figure 5: OT rate in units of OTs per second as a function of optical fiber length for Îµ = 10â3, 10â8 and 10â12 = 10 3  10 2  = 10 8  = 10 12  10 3  OT Rate (OT/s)  0 2 4 6 8 10 12 14 Loss (dB)  Figure 5: OT rate in units of OTs per second as a function of optical fiber length for Îµ = 10â3, 10â8 and 10â12  and sending them to the BBM92 receivers. Fig. 4 shows the QBER and coincidences as a function of loss. As the loss increases, the signal-to-noise",0
2501.05327,11,1,"Figure 6: N0 and OT rate in OTs per second considering a pre-recorded data set (â²), and a real-time implementation where the physical quantum system as the limiting factor (â ) 5  10 1  4  N0[Ã106]  3  OT Rate [OT/s]  10 2  2  10 14 10 11 10 8 10 5 10 2 101 104  tot  N0 Quantum limited OT Rate PP limited OT Rate  Figure 6: N0 and OT rate in OTs per second considering a pre-recorded data set (â²), and a real-time implementation where the physical quantum system as the limiting factor (â )  most time consuming post-processing step is the bit commitment taking 38 seconds ",0
2501.05327,14,1,Figure 7: Sketch of the type-0 broadband polarization entangled photon source. HWP: halfwave plate; DM: dichroic mirror; PBS: polarizing beam splitter; PPLN: periodically poled lithium niobate; VOA: Variable Optical attenuator DWDM:Dense Wavelength Division Multiplexing. 2  ppLN  PBS  2  lens  Laser 780 nm PBS  DM  lens  DWDM Alice  VOA DWDM  Bob  Collimator  Figure 7: Sketch of the type-0 broadband polarization entangled photon source. HWP: halfwave plate; DM: dichroic mirror; PBS: polarizing beam splitter; PPLN: periodically poled lithium niobate; VOA: Variable Optical attenuator DWDM:Dense Wavelength Division ,0
2501.05327,15,1,"Figure 8: Raw visibility in HV (a panel) and AD (b panel) basis. The green scatters are the experimental data, which are fitted by the solid red line. Error bars are also shown representing the standard error. a)  b)  Figure 8: Raw visibility in HV (a panel) and AD (b panel) basis. The green scatters are the experimental data, which are fitted by the solid red line. Error bars are also shown representing the standard error.  The statistical security of the protocol with s",0
2501.05327,17,1,"Figure 9: AES in CTR mode as a PRNG. S  key                   key                                                              key        â¦..  encryption  encryption  encryption  random number                                random number                                   random number  Figure 9: AES in CTR mode as a PRNG.  â¢ The verifier generates one random 768-bit string r1;  â¢ The verifier sends r1 to the prover;  â¢ For each pair of bits (b1, b2) to be committed, the prover executes the following steps:  1. Generates a random 256-bit AE",0
2510.2372,3,1,"FIG. 1: Modular commutator on a âcompleteâ and âincompleteâ disk in (a) and (b) respectively. 3  a d2 a is the total quantum dimension [3]. Can we show that câin Eq. (1.1) satisfies this relation based on a few locally checkable entanglement conditions?  a d2 aÎ¸a, where D = pP  e2Ïicâ/8 = Dâ1 P  B  B  C  A  C  A  (a)  (b)  FIG. 1: Modular commutator on a âcompleteâ and âincompleteâ disk in (a) and (b) respectively.  Motivated by these questions, it is desirable to formulate a bulk/edge correspondence, which connects the algebraic relations of the bulk entanglement Hamiltonia",0
2510.2372,4,1,"FIG. 2: Partition of a disk into four regions. ation-length RG fixed point.1 Later we are going to use the word âuniversalâ in a similar way in the discussion f(Î¸). One way to see that such an f(Î¸) has to be present is as follows. Consider a chiral gapped state |Î¨â©on a disk with the partition in Fig. 2. Suppose, by way of contradiction, that for an arbitrary region A, the state satisfies  |Î¨â©  1 2 3 4  FIG. 2: Partition of a disk into four regions.  SA = Î±|âA| âÎ³topo, (1.3)  with a region-independent constant Î³topo; this is sometimes called a âstr",0
2510.2372,4,2,"FIG. 3: A region A with a sharp corner (dashed line), regulated by a hole. We will show that it is useful to envision a boundary CFT groundstate living on the boundary of the hole (blue line). y CFT groundstate living on the boundary of the hole (blue line).  In [Section 3], we discuss the application of the operator bulk/edge correspondence to regions with sharp corners. In particular, we propose a regulation of a sharp corner by a hole [Fig. 3]. The edge CFT lives on the boundary of  1 Note such aâ² does not decay away by increasing the size of A, and hence does not belong to Â· Â· Â· in Eq. (1.4). 2 Regarding the notation, I(A : C|B) â¡SAB + SBC âSABC âSB and i + 1, i â1 should be understood ",0
2510.2372,7,1,"FIG. 4: A0 and A1 partitions. The linear size of the regions are larger than the correlation length Î¾. nd A1 is:  B C C B D  (a) (b)  FIG. 4: A0 and A1 partitions. The linear size of the regions are larger than the correlation length Î¾.  Assumption 1 (A0). For any disk-like region in the bulk with a partition BC topologically equivalent to the one in Fig. 4 (a), where the typical linear sizes of B, C are larger than Î¾, we assume  â(B, C) â¡(SBC + SC âSB)|Î¨â©â0. (2.1)  Assumption 2 (A1). For any disk-like region in the bulk with a partition BCD topologically equivalent to the one in Fig. 4 (b), where the ",0
2510.2372,8,1,"FIG. 5: Implications from A0 and A1 conditions. his is saying that, any regions A and C separated by a distance larger than Î¾ can be thought of as having no correlations.  â¢ Local recoverability: If A1 is satisfied, then for any region A buffered with a disk B from any region region C as shown in Fig. 5 (b), we have [52]  I(A : C|B)|Î¨â©= 0 â ÏABC = Ï1/2 BCÏâ1/2 B ÏABÏâ1/2 B Ï1/2 BC (2.5)  â KABC = KAB + KBC âKB. (2.6)  Here Eq. (2.5) is the Petz recovery map and we shall refer to Eq. (2.6) as a Markov decomposition. This result is saying that one ca",0
2510.2372,9,1,"FIG. 6: Decomposition of KD and the support of KDâalong the entanglement boundary. Each plaquette represents a coarse-grained site (a supersite). The yellow and green regions are examples of a 3-supersite and a 2-supersite, which are denoted as f and e respectively. Notice inside the bulk, the degrees of the supersites are not all equal to 6. Dâis outer layer X1 Â· Â· Â· XN, and Dint = D \\ Dâ. 9  s  D  Yj Yj+1  Xjâ1  Xj Xj+1  FIG. 6: Decomposition of KD and the support of KDâalong the entanglement boundary. Each plaquette represents a coarse-grained site (a supersite). The yellow and green regions are examples of a 3-supersite and a 2-supersite, which are denoted as f and e res",0
2510.2372,10,1,"FIG. 7: Deformations of a Ë âin KDint (top) and Ë ââin KDâ(bottom), near an entanglement boundary shown by the blue line. With the bulk A1 condition, one can show that Ë â(B, C, D) = Ë â(Bâ², C, Dâ²) (top) and Ë â(BBâ², C, DDâ²) = Ë â(BBâ²â², C, DDâ²â²) (bottom). 10  deform â â â â B C D Bâ² C Dâ²  Bâ² Dâ²  Bâ²â² Dâ²â²  deform â â â â  B C D  B C D  FIG. 7: Deformations of a Ë âin KDint (top) and Ë ââin KDâ(bottom), near an entanglement boundary shown by the blue line. With the bulk A1 condition, one can show that Ë â(B, C, D) = Ë â(Bâ², C, Dâ²) (top) and Ë â(BBâ², C, DDâ²) = Ë â(BBâ²â², C, DDâ²â²) (bottom). ",0
2510.2372,10,2,"FIG. 8: Two types of entanglement captured by KD. Around the entanglement boundary âD, there are short-range entanglement contribution. A blue cluster stands for a local fluctuation (e.g. at location x) with a finite correlation range. The wiggle lines are anyon strings. The anyon inside D dictates the sector in which the low-lying spectrum of KD lives. tribution. A blue cluster stands for a local fluctuation (e.g. at location x) with a finite correlation range. The wiggle lines are anyon strings. The anyon inside D dictates the sector in which the low-lying spectrum of KD lives.  âD dx Ë O(x), see Fig. 8. In Eq. (2.8), this is exactly captured by KDâ.  â¢ The short-range fluctuation has range of correlation of order Î¾. This short-range entanglement contributes to KD additively around the entanglement boundary as (KD)short-range = R  â¢ The long-range ",0
2510.2372,12,1,"FIG. 9: Decomposition of an annulus XY in the bulk. X = X1X2 Â· Â· Â· XN, Y = Y1Y2 Â· Â· Â· YN. The red and green regions are examples of Ë ââ1 and Ë ââ2 for the outer and inner boundary.  Li-Haldane conjecture. Because spec(KD) = Î¾  |âD|spec(L0)+const, and because the Virasoro zero mode L0 for a CFT living on âD satisfies  4Ï2  L0 = |âD|  âD dxT(x) , (2.23)  Z  one can identify Î² = Î¾/(4Ï2).  â2  Z  Yi+1  Yiâ1 Yi  Xi+1  Xiâ1  Xi  â1  FIG. 9: Decomposition of an annulus XY in the bulk. X = X1X2 Â· Â· Â· XN, Y = Y1Y2 Â· Â· Â· YN. The red and green regions are examples of Ë ââ1 and Ë ââ2 for the outer and inner boundary.  6 At least we believe so for physical systems. One can regard this statem",0
2510.2372,15,1,"FIG. 10: A corner region near a sharp corner along the entanglement boundary (blue line).  mentioned earlier, the contribution in KA from the degrees of freedom along the entanglement boundary âA is within an annulus with thickness Î¾. Therefore, if there is a sharp corner in âA, then it is going to wrap around a corner region as shown in Fig. 10.  Î¾  corner region  FIG. 10: A corner region near a sharp corner along the entanglement boundary (blue line).  The operator content in KA supported on such a region will be of a different form from those near a smooth segment along the entanglement ",0
2510.2372,16,1,"FIG. 11: hâ,rec s along the entanglement boundary. In the smooth part, such as at localtions s1, s2, because the radius of curvature is much larger than Î¾, one can zoom in such that the segmenet is flat. If the state has translation symmetry, then hâ,rec s1 , hâ,rec s2 are just related by a translation along the entanglement boundary. However, hâ,rec c at the sharp corner is a different operator. 16  s2  A  c  s2  s1  s1  FIG. 11: hâ,rec s along the entanglement boundary. In the smooth part, such as at localtions s1, s2, because the radius of curvature is much larger than Î¾, one can zoom in such that the segmenet is flat. If the state has translation symmetry, then hâ,rec s1",0
2510.2372,16,2,"FIG. 12: Regulating the corner region with a hole. The boundary CFT groundstate lives on the boundary of the hole. tate has translation symmetry, then hâ,rec s1 , hâ,rec s2 are just related by a translation along the entanglement boundary. However, hâ,rec c at the sharp corner is a different operator.  a V â â A  (âA)corner  |â¦â©circle  (âA)smooth  |Î²â©(âA)smooth  FIG. 12: Regulating the corner region with a hole. The boundary CFT groundstate lives on the boundary of the hole.  [56â60], and more directly, of the construction of chiral states [35, 61, 62] in terms of a lattice of chiral CFTs on the circle. The idea is",0
2510.2372,16,3,"FIG. 13: Making a hole by âblockingâ. In the left figure, we divide a small disk D shown by the red region into several pie-shape regions. Then we block each âpie sliceâ into a single site shown by the red dot in the right figure. removing a small-enough disk; its boundary hosts a CFT on the small circle bounding the hole, whose spectrum is gapped with a level-spacing of the inverse radius of the hole. For a small-enough hole, the CFT is well-approximated by its groundstate.  FIG. 13: Making a hole by âblockingâ. In the left figure, we divide a small disk D shown by the red region into several pie-shape regions. Then we block each âpie sliceâ into a single site shown by the red dot in the right figure.  This picture of âgas of h",0
2510.2372,17,1,"FIG. 14: (Left) The corner is buffered away from the rest of the entanglement boundary. (Right) The junctions, denoted by the two dots, between the entanglement boundary and the hole of CFT. lue region in Fig. 10. Because of the A0 condition 1 and its consequence Eq. (2.1), there are no correlations between the corner region c and (âA)+ \\ (bc) and as a result one can separate out the corner region c with a buffer b of size Î¾ as shown in Fig. 14 from the rest of the entanglement boundary (âA)+\\(bc). Since the scope of this paper is to study the entanglement of the smooth segment and the corner region c individually, for now it is enough to make the hypothesis using |Î²â©(âA)smooth â|â¦â©circle ",0
2510.2372,19,1,"FIG. 15: We use the entanglement beween a and Â¯ a on the edge CFT groundstate on a circle (right) to describe the entanglement between Acorner and D\\Acorner (left).  a generic representative wavefunction of a chiral gapped phase, there could be ultraviolet (UV) contributions that are governed by physics on the scale of a few lattice spacings; this is the source of fnon-uni. Therefore, in the regulation picture [Fig. 15 (right)], it is plausible to assume that fnon-uni depends only on the juncation points. Such a UV contribution does not have to be uniform everywhere, and therefore fnon-uni could potentially vary with the location of the junctions. How to test Eq. ",0
2510.2372,20,1,"FIG. 16: Corner conformal ruler (left) and a zoom-in to the corner regions regulated by hole with a CFT groundstate |â¦â©circle on the boundary (right). 20  B  C  A  Aâ² Câ²  b  c  a  Î¸a Î¸b Î¸c  B  R  C  A  a b c  |â¦â©circle  FIG. 16: Corner conformal ruler (left) and a zoom-in to the corner regions regulated by hole with a CFT groundstate |â¦â©circle on the boundary (right).  This can be derived by combining the Hypothesis 2 with the results in [21, 24]. For a purely chiral11 CFT",0
2510.2372,22,1,"FIG. 17: Modular commutator on incomplete disk (left) and its corner regulations (right). Eq. (4.15), the values are  Ja1b1,b1c1 = Ïcâ  6 (2Î· â1) (4.24)  Ja4b2,b2 = Jb3,b3c2 = Ïcâ  12 , (4.25)  and therefore  J(A, B, C) = Ïcâ  3 Î·(a, b, c), (4.26)  with Î·(a, b, c) being the cross-ratio computed from the opening angles Î¸a, Î¸b, Î¸c shown in Fig. 17 (left):  Î·(a, b, c) = sin(Î¸a/2) sin(Î¸c/2)  sin((Î¸a + Î¸b)/2) sin((Î¸b + Î¸c)/2). (4.27)  This result Eq. (4.26) gives an analytic expression for the modular commutators on an incomplete disk that are studied in [48]. In this paper, we also did a simila",0
2510.2372,22,2,"FIG. 18: Modular commutator near the physical edge , Î¸c are large enough.  a2  c2  b2 b3  A B C  A B C  a1  c1  b1  a b c  physical edge  physical edge  FIG. 18: Modular commutator near the physical edge  Similarly, one can also compute J(A, B, C) near the physical gapless edge with A, B, C shown in Fig. 18. Applying Hypothesis 2, the modular commutator is a sum of three modular commutators in chiral CFT groundstate:  J(A, B, C) = Ja1b1,b1c1 + Ja1b2,b2 + Jb3,b3c3, (4.28)",0
2510.2372,24,1,"FIG. 19: Corner conformal ruler (left) and its deformations (right). Each region is enclosed by the solid blue lines. ight). Each region is enclosed by the solid blue lines.  where  (5.2)  â(D) = â(AAâ², B, CCâ²) = (SAAâ²B + SCCâ²B âSAAâ² âSCCâ²)|Î¨â© I(D) = I(A : C|B) = (SAB + SBC âSABC âSB)|Î¨â©.  Use a, b, c to denote the three corner regions A, B, C respectively shown in Fig. 19. With the bulk A1 condition, one can show that ctot(D), Î·(D) depend only on (a, b, c). This is because bulk A1 condition allows one to deform the region combinations (A, Aâ², B, C, Câ²) without changing the value of â(D), I(D), as long as the corner r",0
2510.2372,25,1,"FIG. 20: Regions for genericity condition xioms in this framework. We shall discuss this as a future direction in the discussion section. The next axiom about the corner entanglement is the genericity condition:  Assumption 4 (genericity). For any partition (A, B, C, D, X, Y, Z) as shown in Fig. 20, which is a combination of two corner conformal rulers, the following three vectors  Ë â(AX, B, CY ) |Î¨â©, Ë â(BY, C, DZ) |Î¨â©, |Î¨â© (5.6)  are linearly independent.  Y  Z  X  B C  D  A  b c  a  d  FIG. 20: Regions for genericity condition  This condit",0
2510.2372,27,1,FIG. 21: Decomposition of KA |Î¨â©into an integral of local operators supported on small corner regions. The yellow region is A and its corner region is a. We decompose the corner region a into many small corner regions such as x. 27  x  FIG. 21: Decomposition of KA |Î¨â©into an integral of local operators supported on small corner regions. The yellow region is A and its corner region is a. We decompose the corner region a into many small corner regions such as x.  6. ctot AS A DIAGNOSTIC FOR,0
2510.2372,28,1,"FIG. 22: (Left) Region XY around the corner regions of a conformal ruler. XY is a region where A0 approximately holds. (Right) Conformal ruler for an actual boundary of intervals (a, b, c). d is the complement of abc on the boundary. The boundary can be obtained by blocking as in Fig. 13 or applying the disentangler WXY . They are used in the following places: (1) We used A0 to argue existence of the disentangler UXY . This is because A0 constrains the correlation to be finite. If A0 is violated a lot, then one cannot disentangle X simply by a local unitary UXY as in Fig. 22. (2) We use A1 to guarantee that ctot(|Î¨â©) is only about the corner and ctot(UXY |Î¨â©) is only about the edge âX. Without A1, there could be contribution in ctot from the bulk. Moreover, A1 guarantees a sense of uniformity of the state |Î¨â©. Without A",0
2510.2372,29,1,"FIG. 23: A corner conformal ruler. The angle of the corner at the triple intersection point of A, B, C reaches 2Ï. R is the radius of the disk ABC. r. The angle of the corner at the triple intersection point of A, B, C reaches 2Ï. R is the radius of the disk ABC.  Let us consider a corner conformal ruler under the limit that the corner at the triple intersection point of A, B, C is reaching 2Ï [Fig. 23]. We will estimate ctot computed from this corformal ruler with the radius R of the disk ABC is large. Assuming Eq. (6.2), we can estimate  â(D) â¼eâR/Î¾A1, I(D) â¼2Î±R, (6.3)  Notice now the â(D) is just the usual bulk A1 linear combination in Assumpti",0
2510.2372,29,2,"FIG. 24: Another setup that is equivalent to Fig. 23 s related to the a UV cutoff by Î± â¼1  Ïµ , which approaches to infinite as Ïµ â0. This indicates an infinite dimensional local Hilbert space is necessary in order to have a zero correlation RG fixed point. We comment that one can also use the setup in Fig. 24, where we define ctot as the solution of  eâ6I(A:C|B)/ctot + eâ6I(A:D|B)/ctot = 1. (6.5)  This version focus more on the violation of the Markov condition I(A : D|B) â¼eââ/Î¾Markov. By studying the limit with âââ, one can obtain the same conclusion as",0
2510.2372,30,1,"FIG. 25: Subsystems used to test A0 and A1.  Subsystems used to test A0 and A1.  We first test the entanglement bootstrap assumption [Assumption 1 and Assumption 2], and then determine the correlation length. In these tests, we choose Nx = Ny = 60, and the subsystems for A0 and A1 is shown in Fig. 25, whose typical linear size is â. We computed the â(C, BD, â) and â(B, C, D) as a function of â. The result is shown in Fig. 26 By fitting log(â(C, BD, â)) and log(â(B, C, D)) as shown in the figure, one can see that â(C, BD, â) and â(B, C, D) expone",0
2510.2372,31,1,"FIG. 26: Error of A0 and A1. D, C, â) decays as Î±eâ2â/Î¾â17, then we can conclude Î¾ââ¥Î¾, where Î¾ is the correlation length from â¨OAOCâ©ââ¨OAâ©â¨OCâ©â¼Î²eââ/Î¾ for any operators OA, OC supported on A, C. Therefore, we can use Î¾âas a correlation length. From the slopes of the linear fit in Fig. 26 (left), we obtain the correlation length is Î¾â= 1.06, 1.17, 1.45 for (â, Âµ) = (1.0, 1.2), (1.2, 1.4), (1.3, 1.2) respectively.  error of A0 vs. thickness of the buffer regions  6  8  10  12  log( (BD, C, ))  14  /t = 1.0, /t = 1.2  fit with y = 1.89",0
2510.2372,31,2,"FIG. 27: Obtaining an upper bound of the correlation length. In the numeircs, region C is fixed and we scale up the thickness âof the buffer region BD [Fig, 25]. 8  3 4 5 6 7 8 9 10  3 4 5 6 7 8 9 10  FIG. 26: Error of A0 and A1.  explanations. In the numerical tests, we use the same setup as shown in Fig. 25, except the size of C is fixed. When we scale up the thickness âof the buffer region BD. as shown in Fig. 27, â(BD, C, â) decays as Î±eâ2â/Î¾â17, then we can conclude Î¾ââ¥Î¾, where Î¾ is the correlation length from â¨OAOCâ©ââ¨OAâ©â¨OCâ©â¼Î²eââ/Î¾ for any operators OA, OC supported on A, C. Therefore, we can use Î¾âas a correlation length. From the slopes of the linear fi",0
2510.2372,32,1,"FIG. 28: Corner conformal rulers for test 1 (left) and 2 (right). 32  Corner conformal ruler for test 1  Corner conformal ruler for test 2  A B C Aâ²  A B C Aâ²  Câ²  Câ²  FIG. 28: Corner conformal rulers for test 1 (left) and 2 (right).  formula, we extract Î·J â¡3J(A, B, C)/(câÏ) and compare it with the Î· obtained from â, I. The results are listed in Table I and Table II. One can see that, as the correlation length is decreas",0
2510.2372,33,1,"FIG. 29: Error of the vector fixed point equations for test 1 (left) and test 2 (right). In the plot, the solid lines stand for the values of Î· obtained from â, I and the dashed line stands for the values of Î·J. In the left plot, since all the Î· and Î·J are very close, the lines overlap. 2  /t = 1.3, /t = 1.2  0.12  0.11  0.20  0.10  (K (x))  (K (x))  0.18  0.09  0.08  0.16  0.07  /t = 1.0, /t = 1.2  /t = 1.2, /t = 1.4  0.06  /t = 1.3, /t = 1.2  0.14  0.30 0.35 0.40 0.45 0.50 0.55 0.60 0.65 0.70  0.90 0.92 0.94 0.96 0.98 1.00  x  x  FIG. 29: Error of the vector fixed point equations for test 1 (left) and test 2 (right). In the plot, the solid lines stand for the values of Î· obtained from â, I and the dashed line stands for the values of Î·J. In the left plot, since all the Î· and Î·J are ",0
2510.2372,34,1,"FIG. 30: Low lying spectrum of the reconstructed Hamiltonians vs. the original Hamiltonians for three choices of the parameters (â/t, Âµ/t). The systems are on a disk (left), a cylinder (middle) and a torus (right) respectively, with sizes Nx = Ny = 36. For the results on a disk and cylinder, we compared the spetrua with the chiral and non-chiral CFT spectra, and we rescaled the spectra so that the energy level is interger spacing in each confomral block. For the result on the torus, we rescale the spectra so that the gap is one. k. For the result on the torus, we rescale the spectra so that the gap is one.  We first checked the spectrum of the reconstructed Hamiltonians for the systems on a disk, cylinder and torus. We use the same systme sizes and coarse-grained lattice as Fig. 30. In Fig. 30, we compare the reconstructed spectra with the spectra of the the original Hamiltonians Eq. (7.1). The results in Fig. 30 show excellent agreements. If the systems have bounadries, we expect the low-lying spectra will match with the edge",0
2510.2372,35,1,FIG. 31: Coarse-grained lattice for constructing Hrec on a torus. We can change the boundary condition and use the rule in Eq. (2.7) to construct Hrec with boundaries. Each supersite v is a block of size 6 Ã 6. The blue region and green regions are examples of a 4-supersite and two 2-supersites respectively. 35  Ny = 36  6  6  Nx = 36  FIG. 31: Coarse-grained lattice for constructing Hrec on a torus. We can change the boundary condition and use the rule in Eq. (2.7) to construct Hrec with boundaries. Each supersite v is a block of size 6 Ã 6. The blue region and green regions are examples,0
2510.2372,35,2,"FIG. 32: Error of A0 and A1 with gradient descent. t = 1.2  /t = 1.0, /t = 1.2  8.5  /t = 1.0, /t = 1.2  /t = 1.0, /t = 1.2  9  9.0  /t = 1.0, /t = 1.2  /t = 1.0, /t = 1.2  9.5  10  10.0  11  10.5  log( (B, C, D)  log( (BD, C, ))  11.0  12  11.5  12.0  5 10 15 20  5 10 15 20  # of steps  # of steps  FIG. 32: Error of A0 and A1 with gradient descent.  Fig. 35. For test 1, we have a plausible expectation, namely Î· = Î·J = 1/2 from the geometric cross-ratio of opening angles Î¸A = Î¸B = Î¸C = Ï/2. In the result, we can see a large improvement of the results a",0
2510.2372,35,3,"Fig. 35. For test 1, we have a plausible expectation, namely Î· = Î·J = 1/2 from the geometric cross-ratio of opening angles Î¸A = Î¸B = Î¸C = Ï/2. In the result, we can see a large improvement of the results along the gradient descents. We also directly plot the discrepancy from the expected value in Fig. 36, which roughly shows an exponential decay as a function of the number of steps. For test 2, the improvement is relatively small compared with test 1. We suspect this might be due to the irregular shape of the corners.   /t = 1.0, /t = 1.2  9  9.0  /t = 1.0, /t = 1.2  /t = 1.0, /t = 1.2  9.5  10  10.0  11  10.5  log( (B, C, D)  log( (BD, C, ))  11.0  12  11.5  12.0  5 10 15 20  5 10 15 20  # of steps  # of steps  FIG. 32: Error of A0 and A1 with gradient descent.  Fig. 35. For test 1, we have a plausible expectation, namely Î· = Î·J = 1/2 from the geometric cross-ratio of opening angles Î¸A = Î¸B = Î¸C = Ï/2. In the result, we can see a large improvement of the results along the gradient descents. We also directly plot th",0
2510.2372,36,1,"FIG. 33: ctot with gradient descent. The top figure is for test 1 Fig. 28 (left), and the bottom is for test 2 Fig. 28 (right). 1.638  2.360  1.335  1.640  2.362  1.340  1.642  log(ctot 0.5)  2.364  1.345  1.644  2.366  1.646  1.350  0.0 0.5 1.0 1.5 2.0 2.5 3.0  0.0 0.5 1.0 1.5 2.0 2.5 3.0  0.0 0.5 1.0 1.5 2.0 2.5 3.0  log(num of steps)  log(num of steps)  log(num of steps)  FIG. 33: ctot with gradient descent. The top figure is for test 1 Fig. 28 (left), and the bottom is for test 2 Fig. 28 (right).  8. DISCUSSION  In this paper, we have given a detailed analysis of the properties of the entanglement Hamiltonian of subregions ",0
2510.2372,37,1,"FIG. 34: Error of the vector fixed point equations with gradient descent. The top figure is for test 1 Fig. 28 (left), and the bottom is for test 2 Fig. 28 (right) .170  2.392  2.832  2.394  2.175  2.834  log( (K ( )))  2.396  2.836  2.180  2.838  2.398  2.185  2.840  2.400  0.0 0.5 1.0 1.5 2.0 2.5 3.0  0.0 0.5 1.0 1.5 2.0 2.5 3.0  0.0 0.5 1.0 1.5 2.0 2.5 3.0  log(# of steps)  log(# of steps)  log(# of steps)  FIG. 34: Error of the vector fixed point equations with gradient descent. The top figure is for test 1 Fig. 28 (left), and the bottom is for test 2 Fig. 28 (right)  , J from ( , I), J(A, B, C) along the gradient descent  T est 1  T est 2  0.5000  0.965  0.4",0
2510.2372,37,2,"FIG. 35: Î·, Î·J for test 1 (left) and test 2 (right) along the gradient descent. 0  0.4998  or  J  0.955  0.4997  0.950  0.4996  for , J; /t = 1.0, /t = 1.2  for , J; /t = 1.2, /t = 1.4  0.4995  0.945  for , J; /t = 1.3, /t = 1.2  2.5 5.0 7.5 10.0 12.5 15.0 17.5 20.0  2.5 5.0 7.5 10.0 12.5 15.0 17.5 20.0  # of steps  # of steps  FIG. 35: Î·, Î·J for test 1 (left) and test 2 (right) along the gradient descent.  this is true. Such an endeavor of analyzing how exactly the universal properties emerge can provide us with more insights and also help us examine whether there could be other ",0
2510.2372,38,1,"FIG. 36: Î·, Î·J in test 1 with gradient descent, compared with the expected value 1/2. 8  , J from ( , I), J(A, B, C) along the gradient descent for test 1  for , J; /t = 1.0, /t = 1.2  for , J; /t = 1.2, /t = 1.4  8  for , J; /t = 1.3, /t = 1.2  9  10  log(0.5 ) or log(0.5 J)  11  12  2.5 5.0 7.5 10.0 12.5 15.0 17.5 20.0  # of steps  FIG. 36: Î·, Î·J in test 1 with gradient descent, compared with the expected value 1/2.  Back to the concrete discussion. We envision that the operator algebra for the chiral topologically-ordered systems is obtained from local entanglement Hamiltonians. For ",0
2510.2372,41,1,"FIG. 37: An arbitrary face f = â¨vijâ©, edge e = â¨viâ©and site v in the triangulation. 41  Therefore, one can obtain  2  6 Ë Î³v (B.10)  hv â¡1  Ë âv â6 âdv  = 1  v + 1  v + 6 âdv  3  6  6 Kv (B.11)  Now let us consider an arbitrary f = â¨vijâ©, e = â¨viâ©, v shown in Fig. 37 and examinee Kf, Ke, Kv obtained from the left hand side of Eq. (B.3). For Kf, there is 1/3 Â· Kf from hv, hi, hj and hence we obtain Kf. For Ke, there will be 1/6 Â· Ke from each of hv, hi and 1/3 Â· Ke from each of hj, hl. Therefore, there will be Ke",0
2510.2372,41,2,"FIG. 38: Triangle lattice along the boundary. V1 = {v1} are set of vertices that along the boundary. V2 = {v2} are set of vertices that are away from the boundary vertices by one lattice spacing. E1 = {e1}, E2 = {e2} are set of edges that are made out of sites in V1, V2 respectively. E12 = {e12} are set of edges that contains both v1 âV1, v2 âV2. Fâ, Fâare faces that contains two and one boundary sites respectively. FIG. 37: An arbitrary face f = â¨vijâ©, edge e = â¨viâ©and site v in the triangulation.  Now we discuss the terms near the boundary. Because here we work with a coarse-grained lattice, we can choose to make triangle lattice near the boundary as shown in Fig. 38.  v2  e2  e12 fâ fâ  e1  v1  FIG. 38: Triangle lattice along the boundary. V1 = {v1} are set of vertices that along the boundary. V2 = {v2} are set of vertices that are away from the boundary vertices by one lattice spacing. E1 = {e1}, E2 = {e2} are",0
2510.2372,50,1,"FIG. 39: Solution of Eq. (F.2). The blue and red lines are the right and left hand side of Eq. (F.2). The increasing of opacity shows the increasing of R and the solutions are shown by the gray dots in the x axis with increasing opacity. When R ââ, the solution approaches to 2Î±Î¾. 50  y  y = x ln(x)  y = R(2Î±/Î¾ âx)  2Î±Î¾  x  FIG. 39: Solution of Eq. (F.2). The blue and red lines are the right and left hand side of Eq. (F.2). The increasing of opacity shows the increasing of R and the solutions are shown by the gray dots in the x axis with increasing opacity. When R ââ, the solu",0
2412.01241,5,1,"Figure 21: Quantum circuit implementing the threeâqubit GHZ state preparation. A Hadamard gate on the first qubit is followed by two CNOT gates that entangle all three qubits. All qubits are initialized in |0>, and the final measurements in the Zâbasis reveal the tripartite correlations characteristic of the GHZ state.",1
2412.01241,5,1,"Figure 81: Energy expectation value as a function of optimization step for three different optimizer choices. Although each curve corresponds to a distinct parameterized quantum circuit, the figure shows only classical energy values on the yâaxis.",0
2412.01241,5,1,Figure 22: Circuit diagram of the controlledâZ phase gate synthesized from two CNOTs and singleâqubit H rotations. The control qubit is drawn on the upper wire and the target on the lower wire. This decomposition is used repeatedly in the main algorithm to implement pairwise CZ interactions on a hardware platform that only supports CNOT natively.,1
2412.01241,5,1,Figure 82: Scatter plot of circuit depth versus final test accuracy for 200 randomly initialized ansatz configurations. Each point represents a full training run; explicit gate sequences are not depicted.,0
2412.01241,5,1,"Figure 23: Parameterized circuit ansatz for the quantum classifier used on the handwrittenâdigit dataset. Each layer applies RY and RZ rotations followed by a brickwork pattern of CNOT gates. The circuit depth is fixed to d=6, and all rotation angles are treated as trainable parameters updated via a classical optimizer.",1
2412.01241,5,1,Figure 83: Heatmap of gradient magnitudes across circuit parameters for varying depths. The color scale highlights the barrenâplateau behavior but does not show any explicit quantum circuit diagram.,0
2412.01241,5,1,"Figure 24: Quantum circuit implementing amplitude encoding of the classical input vector into a fourâqubit system. A sequence of controlled rotation gates is used to prepare the desired amplitudes. After state preparation, the same qubits are fed into a parametrized unitary layer that performs the classification task.",1
2412.01241,5,1,"Figure 84: Surface plot of logical error rate as a function of physical error probability and code distance. Data points are obtained from simulations of surfaceâcode circuits, while the figure itself only displays aggregated error rates.",0
2412.01241,5,1,Figure 25: Circuit diagram for the quantum Fourier transform on three qubits. The circuit consists of Hadamard gates and controlled phase rotations with decreasing angles. The final swap operations at the end of the circuit reorder the qubits to obtain the correct output bit significance.,1
2412.01241,5,1,"Figure 85: Lattice diagram of a distanceâ5 surface code laid out on a twoâdimensional grid. Vertices and faces correspond to data and ancilla qubits, but there are no gate symbols or timeâordered circuit elements.",0
2412.01241,5,1,Figure 26: Teleportationâbased quantum circuit used to relocate an unknown state between two distant registers. Bellâpair generation and Bellâbasis measurement are explicitly drawn. Classically controlled X and Z gates acting on the receiver qubit implement the conditional corrections dictated by the two measurement bits.,1
2412.01241,5,1,"Figure 86: Block diagram summarizing the hybrid classicalâquantum workflow used in our experiments. Rectangular boxes represent software modules such as the DistilBERT encoder and quantum simulator, connected by arrows indicating data flow.",0
2412.01241,5,1,"Figure 27: Quantum circuit for implementing a threeâqubit Toffoli (CCX) gate using only CNOT, T, and H gates. Ancilla qubits are employed to reduce the Tâdepth of the construction. This circuit appears as a subroutine in the reversible arithmetic used in the oracle of our Grover search implementation.",1
2412.01241,5,1,"Figure 87: Confusion matrix for the DistilBERT classifier distinguishing circuit captions from nonâcircuit captions. Rows denote true labels and columns denote predicted labels, normalized to show classification accuracy across the dataset.",0
2412.01241,5,1,"Figure 28: Repetitionâcode errorâcorrection circuit for detecting and correcting single bitâflip errors on a logical qubit encoded into three physical qubits. Syndrome information is extracted by CNOT gates onto two ancilla qubits, which are then measured and used to conditionally apply X corrections.",1
2412.01241,5,1,Figure 88: Histogram of CNOT gate counts for the set of circuits generated by our compiler. The bins indicate how frequently circuits with a given twoâqubit gate count occur; no circuit diagrams are shown.,0
2412.01241,5,1,"Figure 29: Circuit representation of the variational layer used in the QAOA instance for MaxâCut. Singleâqubit RX rotations are followed by ZZâinteraction gates implemented via CNOTâRZâCNOT patterns. The parameters gamma and beta associated with the problem and mixing unitaries are shared across all edges and qubits, respectively.",1
2412.01241,5,1,"Figure 89: Bar chart comparing the median fidelity achieved by different variational ansatz architectures. Each bar corresponds to a distinct circuit family, but the underlying quantum circuits are not depicted in the figure.",0
2412.01241,5,1,Figure 30: Quantum circuit diagram for phaseâkickback using a control qubit and a target register prepared in an eigenstate of the unitary U. An initial Hadamard on the control qubit and a subsequent controlledâU operation imprint the eigenphase onto the control qubitâs state.,1
2412.01241,5,1,Figure 90: Line plot of training loss versus epoch for models trained with and without error mitigation. The figure shows only classical loss values evaluated on a heldâout validation set.,0
2412.01241,5,1,Figure 31: Measurementâbased teleportation circuit showing how an unknown state is transferred through entanglement and conditional Pauli gates. The measurement outcomes m1 and m2 are represented as classical bits controlling the application of X and Z gates on the receiver qubit.,1
2412.01241,5,1,"Figure 91: Spatial arrangement of qubits on the 53âqubit device used for benchmarking. Nodes indicate qubit positions and edges represent possible twoâqubit couplings, not specific gate sequences.",0
2412.01241,5,1,Figure 32: Quantum circuit used to implement a single Trotter step of the timeâevolution operator for the Heisenberg spin chain. The decomposition alternates layers of singleâqubit Z rotations with nearestâneighbor CNOT pairs that realize the XX and YY interactions.,1
2412.01241,5,1,Figure 92: Principalâcomponent projection of learned embedding vectors produced by the DistilBERT model. Each point corresponds to a figure caption; color encodes whether the caption describes a circuit or a nonâcircuit figure.,0
2412.01241,5,1,"Figure 33: Circuit diagram for a fourâqubit parity measurement using an ancilla qubit. The ancilla accumulates the parity via successive CNOT gates before being measured. Depending on the measurement outcome of the ancilla, a conditional Z operation can be applied to stabilize the desired parity subspace.",1
2412.01241,5,1,"Figure 93: Heatmap of pairwise mutual information between qubits after time evolution. The axes index qubit labels, and the figure encodes correlations numerically, not as a circuit diagram.",0
2412.01241,5,1,"Figure 34: Logical encoding circuit mapping a single logical qubit into the fiveâqubit code. A network of CNOT and Hadamard gates distributes the information across all physical qubits. After encoding, repeated syndromeâmeasurement circuits (not shown here) detect both bitâflip and phaseâflip errors.",1
2412.01241,5,1,Figure 94: Plot of execution time versus number of qubits for our circuitâsimulation backend. Measured runtimes are displayed on a log scale; no explicit gates or wires are drawn.,0
2412.01241,5,1,"Figure 35: Quantum circuit implementing the inverse quantum Fourier transform used at the end of the phase estimation algorithm. Controlled phase gates with negative rotation angles are applied in reverse order compared to the forward transform, followed by a set of swap operations.",1
2412.01241,5,1,"Figure 95: Schematic overview of the compiler stack from highâlevel quantum programs to hardwareâlevel instructions. The figure uses iconâstyle blocks to represent passes such as parsing, optimization, and mapping, but omits any gateâlevel circuits.",0
2412.01241,5,1,"Figure 36: Variational quantum circuit architecture used for the regression task. Each block consists of parameterized RX, RY rotations and a ladder of CZ gates. We stack eight such blocks, as indicated by the dashed box, to reach sufficient expressive power for fitting the target function.",1
2412.01241,5,1,Figure 96: 3D visualization of the Bloch vectors representing measurement outcomes for different input states. Points on the Bloch sphere illustrate experimental data; no timeâordered circuit with gates is depicted.,0
2412.01241,5,1,Figure 37: Quantum circuit for implementing a SWAP gate between two nonâadjacent qubits using a sequence of three nearestâneighbor SWAPs. This pattern realizes logical nearestâneighbor interactions on hardware with only linear connectivity.,1
2412.01241,5,1,"Figure 97: Calibration curves showing twoâqubit gate error rates over a 24âhour period. Each line tracks the average error probability for a subset of CNOT links, derived from randomizedâbenchmarking experiments.",0
2412.01241,5,1,"Figure 38: Circuit decomposition of a controlledâcontrolledâZ gate into a sequence of Toffoli and singleâqubit phase gates. Ancillaâassisted constructions reduce the total Tâcount at the expense of additional qubits, as illustrated by the extra wires.",1
2412.01241,5,1,Figure 98: Density plot of parameter values visited by the optimizer during training. The plot visualizes trajectories in parameter space but does not contain any representation of quantum circuits.,0
2412.01241,5,1,Figure 39: Quantum circuit for preparing a Bell state using an H gate followed by a CNOT. The resulting entangled state is subsequently used as a resource in the teleportation and superdense coding protocols.,1
2412.01241,5,1,"Figure 99: Tableâstyle visualization of hyperparameters used in all experiments. Rows list circuit depth, number of layers, learning rate, and batch size; the figure is purely tabular and nonâdiagrammatic.",0
2412.01241,5,1,Figure 40: Quantum circuit implementing a single layer of the hardwareâefficient ansatz on a ring of qubits. The layer starts with arbitrary singleâqubit rotations and then applies CNOT gates between each pair of neighboring qubits in the ring.,1
2412.01241,5,1,Figure 100: Diagram of the logicalâqubit connectivity graph used for mapping highâlevel algorithms. Nodes represent logical qubits and edges indicate allowed logical interactions; no physical gates or circuit elements are shown.,0
2412.01241,5,1,"Figure 41: Circuit diagram for simulating a controlledârotation gate using ancillaâmediated interactions. The target rotation RY(theta) is applied only when the control ancilla, prepared via a CNOT chain, is in the |1> state.",1
2412.01241,5,1,"Figure 42: Quantum errorâdetection circuit for the phaseâflip code, encoding one logical qubit into three physical qubits. Hadamard gates transform phase flips into bit flips, which are then detected by standard CNOTâbased syndrome extraction.",1
2412.01241,5,1,Figure 43: Circuit representation of the modular addition used in Shorâs algorithm. Controlledâaddition and controlledâsubtraction blocks are realized through sequences of CNOT and Toffoli gates on the work registers.,1
2412.01241,5,1,"Figure 44: Quantum circuit implementing a parameterized controlledâZ rotation used in our adaptive ansatz. The parameter phi is associated with a phase gate sandwiched between two CNOTs, enabling a tunable ZZ interaction.",1
2412.01241,5,1,Figure 45: Multiâqubit teleportation circuit transferring two logical qubits using two Bell pairs and joint Bellâbasis measurements. Each pair of classical outcomes triggers a specific combination of X and Z corrections on the corresponding receiver qubit.,1
2412.01241,5,1,"Figure 46: Circuit diagram showing the sequential application of Trotter steps for simulating the transverseâfield Ising Hamiltonian. Dashed boxes indicate repeated segments, each consisting of singleâqubit X rotations followed by ZZâinteraction blocks implemented via CNOT and RZ gates.",1
2412.01241,5,1,Figure 47: Quantum circuit for preparing a W state on three qubits using a sequence of controlled rotations and CNOT gates. The amplitudes are adjusted so that the final state contains exactly one excitation delocalized over the three qubits.,1
2412.01241,5,1,Figure 48: Circuit sketch of the syndromeâextraction routine for the distanceâ3 surface code using ancillaâmediated stabilizer measurements. Each ancilla qubit interacts via CNOT gates with the corresponding data qubits before being measured in the computational basis.,1
2412.01241,5,1,"Figure 49: Quantum circuit implementing the superdense coding protocol, where two classical bits are transmitted using a single qubit. Alice applies one of I, X, Z, or XZ on her half of the Bell pair before sending it to Bob, who then performs a Bellâbasis measurement.",1
2412.01241,5,1,Figure 50: Logical CNOT circuit between two encoded qubits in the repetition code. The gate is implemented transversally as parallel CNOTs between corresponding physical qubits in the control and target blocks.,1
2412.01241,5,1,"Figure 51: Quantum circuit describing a single layer of the dataâreuploading classifier. Classical features are reâencoded at multiple points in the circuit via parameterized RX and RZ gates, interleaved with entangling CNOTs.",1
2412.01241,5,1,Figure 52: Circuit diagram of a simple quantum autoencoder compressing two qubits into one. Encoding and decoding unitaries are realized as parameterized layers of singleâqubit rotations and CZ gates; an ancilla is measured to detect compression errors.,1
2412.01241,5,1,Figure 53: Quantum circuit implementing controlledâSWAP (the Fredkin gate) using a sequence of Toffoli and CNOT operations. This gate is used in the stateâoverlap estimation subroutine described in Section 3.,1
2412.01241,5,1,Figure 54: Circuit representation of the iterative amplitude amplification routine. Alternating applications of the Grover diffusion operator and the oracle block are drawn as repeated circuit segments enclosed by dashed rectangles.,1
2412.01241,5,1,"Figure 55: Quantum circuit for implementing a singleâqubit channel via Stinespring dilation. An ancilla qubit is coupled to the system qubit with a controlled unitary U, and subsequent measurement of the ancilla realizes the desired noisy evolution.",1
2412.01241,5,1,Figure 56: Circuit diagram showing the decomposition of an arbitrary singleâqubit unitary into ZâYâZ Euler angles. The sequence RZ(alpha)âRY(beta)âRZ(gamma) forms the basic building block repeatedly used throughout the larger algorithmic circuit.,1
2412.01241,5,1,"Figure 57: Quantum circuit implementing a fourâqubit GHZ state with additional local phase rotations. After entanglement is created via a cascade of CNOTs, RZ gates on each qubit imprint tunable phases that are later probed via interference.",1
2412.01241,5,1,"Figure 58: Quantum circuit for variational quantum eigensolver using a hardwareâtailored entangling pattern. The entangling gates follow the underlying connectivity graph, while singleâqubit rotations remain allâtoâall and parameterized independently.",1
2412.01241,5,1,"Figure 59: Teleportationâbased gate implementation circuit used to realize a nonâClifford rotation on the data qubit. An ancilla is prepared in a magic state, and a sequence of CNOTs and measurements implements the desired logical operation up to Pauli corrections.",1
2412.01241,5,1,Figure 60: Circuit diagram for performing Bellâbasis measurement on two qubits. An initial CNOT followed by a Hadamard on the control qubit transforms the Bell states into computationalâbasis states that can be distinguished by standard measurements.,1
2412.01241,5,1,"Figure 61: Quantum circuit used for learning a twoâbit Boolean function via a parameterized oracle block. The oracle is implemented as a sequence of CNOT and X gates, while the surrounding layers consist of learnable singleâqubit rotations.",1
2412.01241,5,1,"Figure 62: Circuit representation of the swapâtest routine used to estimate the inner product between two quantum states. A control qubit in superposition governs a SWAP operation between the two registers, and its measurement statistics reveal the state overlap.",1
2412.01241,5,1,Figure 63: Quantum circuit implementing measurementâbased feedforward in a variational algorithm. Intermediate measurements on a subset of qubits determine subsequent conditional X and Z gates in the lower part of the circuit.,1
2412.01241,5,1,Figure 64: Errorâcorrection circuit for detecting leakage via ancillary flag qubits. Flag qubits are entangled with the data through CNOT gates and then measured; a nonâtrivial outcome triggers a corrective subroutine.,1
2412.01241,5,1,"Figure 65: Quantum circuit depicting the preparation of cluster states on a linear chain. Hadamard gates initialize each qubit, followed by a sequence of CZ gates between neighbors to generate the entangled resource state.",1
2412.01241,5,1,"Figure 66: Circuit decomposition of an nâqubit controlledâX gate using a ladder of Toffoli gates and ancillary qubits. The ancillas accumulate partial control information, allowing the implementation of multiâcontrol operations using only threeâqubit gates.",1
2412.01241,5,1,"Figure 67: Quantum circuit implementing a parityâcheck measurement for phase errors using an ancilla prepared in the |+> state. CZ gates couple the ancilla to the data qubits, and the final Xâbasis measurement on the ancilla reveals the phaseâparity.",1
2412.01241,5,1,"Figure 68: Circuit diagram for the iterative quantum phase estimation algorithm with a single control qubit. The control qubit is repeatedly reset, rotated, and entangled with the target register via controlledâU operations before each measurement.",1
2412.01241,5,1,"Figure 69: Quantum circuit for a single round of magicâstate distillation using five noisy Tâtype resource states. CNOT networks correlate the input states, and postâselection on specific measurement outcomes yields an output state of higher fidelity.",1
2412.01241,5,1,Figure 70: Circuit representation of a small stabilizer measurement routine for a fourâqubit code. The ancilla qubit interacts via CNOTs with all data qubits participating in the stabilizer generator before being measured.,1
2412.01241,5,1,"Figure 71: Quantum circuit implementing decoherence simulation via coupling to an explicit environment register. The environment qubits start in |0> and interact through controlled rotations, after which tracing them out effectively induces noise on the system.",1
2412.01241,5,1,Figure 72: Circuit diagram of a parameterized quantum Boltzmann machine layer. Energy contributions are modeled via ZZ interactions implemented through CNOTâRZâCNOT patterns between connected qubit pairs.,1
2412.01241,5,1,"Figure 73: Quantum circuit used to generate random Clifford states for benchmarking. The random sequence of H, S, and CNOT gates is drawn explicitly, with each gate sampled from a precomputed Clifford library.",1
2412.01241,5,1,"Figure 74: Circuit illustration of a teleportationâbased syndrome extraction method. Logical information is teleported onto fresh qubits while the old ones are measured, thereby extracting syndrome information and removing accumulated errors.",1
2412.01241,5,1,Figure 75: Quantum circuit implementing an encoded Hadamard gate via lattice surgery. The figure depicts the sequence of CNOT and measurement operations that realize the logical transformation at the code level.,1
2412.01241,5,1,"Figure 76: Circuit representation of the measurementâbased implementation of a single logical T gate. An ancilla magic state is consumed via a controlled operation and subsequent measurement, followed by Pauli frame updates.",1
2412.01241,5,1,"Figure 77: Quantum circuit implementing a shallow variational ansatz tailored to hardware with restricted connectivity. Twoâqubit gates are only placed along edges allowed by the coupling graph, while singleâqubit rotations remain unconstrained.",1
2412.01241,5,1,Figure 78: Circuit diagram for implementing a simple quantum walk on a line using a coin qubit and position register. Each step consists of a coinâflip Hadamard gate followed by a controlledâshift operation acting on the position qubits.,1
2412.01241,5,1,Figure 79: Quantum circuit used to demonstrate midâcircuit measurement and reset on a superconducting device. A subset of qubits is measured and reinitialized to |0> before further gates are applied on the remaining register.,1
2412.01241,5,1,"Figure 80: Circuit representation of an ancillaâfree decomposition of a twoâqubit ZZ rotation. The gate is realized via a pair of CNOTs surrounding a single RZ rotation on one qubit, which effectively implements the desired interaction.",1
